[{"@type":"mappingTemplate","id":"@1","name":"mp_ingest_hermes_customer_orders_kafka","description":"","bundleVersion":"0","templateId":"@3","deployTime":1615977968000,"hasParameters":false,"valid":true,"fixedConnection":true,"hasParametersDeployed":false,"fixedConnectionDeployed":true,"tasks":1,"mappingPreviewFileRecordId":"@2","documentType":"MAPPING","references":[{"@type":"reference","refObjectId":"@0jcCoULvo06iLXzd32aoST","refType":"connection"},{"@type":"reference","refObjectId":"@5OPFTeiwacthTPS9EttNGo","refType":"connection"}]}]