[{"@type":"mtTask","id":"@1","name":"mt_kafka_alerts_sql_alerts","description":"","runtimeEnvironmentId":"@3a6ULitYQS3loMV6oCfRKe","maxLogs":10,"verbose":false,"lastRunTime":1616409569000,"mappingId":"@2EZFq5YVGY5in39Kbks9o9","shortDescription":"","sessionPropertiesList":[],"enableCrossSchemaPushdown":true,"enableParallelRun":false,"autoTunedApplied":false,"autoTunedAppliedType":"NONE","schemaMode":"async","parameterFileEncoding":"UTF-8","serverlessProperties":{},"taskProperties":[{"@type":"taskProperty","name":"parameterFileDir","currentValue":"","type":"STRING","label":"label.parameterFileDir","required":false},{"@type":"taskProperty","name":"parameterFileName","currentValue":"","type":"STRING","label":"label.parameterFileName","required":false}],"parameters":[{"@type":"mtTaskParameter","id":115872652,"name":"$src_KafkaAlerts$","type":"EXTENDED_SOURCE","label":"src_KafkaAlerts","uiProperties":{"connectionParameterized":"false","isMsrcFilterParameterized":"false","isMsrcSortParameterized":"false","objectParameterized":"false","visible":"false"},"sourceConnectionId":"@0jcCoULvo06iLXzd32aoST","newFlatFile":false,"newObject":false,"showBusinessNames":false,"naturalOrder":true,"truncateTarget":false,"bulkApiDBTarget":false,"customFuncCfg":{"@type":"customFuncConfig","id":-1,"connections":[],"inputMap":[],"outputFields":[]},"tgtFieldRefs":{},"targetUpdateColumns":[],"extendedObject":{"@type":"extendedObject","object":{"@type":"mObject","name":"Topics/OrdersAlerts","label":"OrdersAlerts","metadataUpdated":false,"relations":[],"children":[]},"filters":[],"sortFields":[]},"runtimeAttrs":{},"isRESTModernSource":true,"isFileList":false,"handleSpecialChars":false,"frsAsset":false,"dynamicFileName":false,"currentlyProcessedFileName":false,"tgtObjectAttributes":{},"dataFormat":{"@type":"dataFormat","formatId":"Json","schema":"{  \"PARTY_ID\": \"1\",\"NAME\" : \"NAME\",\"ADDRESS\" : \"ADDRESS\",\"CITY\" : \"CITY\",\"ZIPCODE\" : \"ZIPCODE\",\"COUNTRY\" : \"COUNTRY\", \"ADDRESS\" : \"ADDRESS\", \"ADDRESS2\" : \"ADDRESS2\",   \"order_id\": 123, \"order_date\": \"2021-03-15\", \"freight\": 222 }","dataFormatAttributes":{}},"runtimeParameterData":{"@type":"mtTaskRuntimeParameterData","isConnectionRuntimeParameter":false,"isObjectRuntimeParameter":false},"overriddenFields":[]},{"@type":"mtTaskParameter","id":115872653,"name":"$tgt_sql_alerts$","type":"TARGET","label":"tgt_sql_alerts","uiProperties":{"connectionParameterized":"false","objectParameterized":"false","visible":"false","defaultTargetUpdateColumns":""},"targetConnectionId":"@iKDQdx6SgaOgbh6V2utRwa","targetObject":"orders_freight_alert","targetObjectLabel":"orders_freight_alert","newFlatFile":false,"newObject":true,"showBusinessNames":false,"naturalOrder":true,"newObjectName":"orders_freight_alert","truncateTarget":false,"bulkApiDBTarget":false,"operationType":"Insert","customFuncCfg":{"@type":"customFuncConfig","id":-1,"connections":[],"inputMap":[],"outputFields":[]},"tgtFieldRefs":{},"targetUpdateColumns":[],"extendedObject":{"@type":"extendedObject","filters":[],"sortFields":[]},"runtimeAttrs":{},"isRESTModernSource":true,"isFileList":false,"handleSpecialChars":false,"frsAsset":false,"dynamicFileName":false,"currentlyProcessedFileName":false,"tgtObjectAttributes":{},"runtimeParameterData":{"@type":"mtTaskRuntimeParameterData","isConnectionRuntimeParameter":false,"isObjectRuntimeParameter":false},"overriddenFields":[]}],"sequences":[],"inOutParameters":[],"connRuntimeAttrs":[]}]