[{"@type":"mappingTemplate","id":"@1","name":"Mapping3","description":"","bundleVersion":"0","templateId":"@3","deployTime":1615843206000,"hasParameters":false,"valid":true,"fixedConnection":true,"hasParametersDeployed":false,"fixedConnectionDeployed":true,"tasks":0,"mappingPreviewFileRecordId":"@2","documentType":"MAPPING","references":[{"@type":"reference","refObjectId":"@3aS5Hz6wqdohrI8fvqufmN","refType":"connection"},{"@type":"reference","refObjectId":"@iKDQdx6SgaOgbh6V2utRwa","refType":"connection"},{"@type":"reference","refObjectId":"@j7VkBBeE7YWidIkdOPkXgs","refType":"frsDocument"}]}]