[{"@type":"mtTask","id":"@1","name":"mt_ingest_hermes_customer_orders_kafka","description":"","runtimeEnvironmentId":"@3a6ULitYQS3loMV6oCfRKe","maxLogs":10,"verbose":false,"lastRunTime":1616409190000,"mappingId":"@dnQqe3JPOGVkfmniew0Qyl","shortDescription":"","sessionPropertiesList":[{"name":"Allow Temporary View for Pushdown","value":"YES","recommended":false},{"name":"Pushdown Optimization","value":"To Source","recommended":false}],"enableCrossSchemaPushdown":true,"enableParallelRun":false,"autoTunedApplied":false,"autoTunedAppliedType":"NONE","paramFileType":"PARAM_FILE_LOCAL","schemaMode":"async","parameterFileEncoding":"UTF-8","serverlessProperties":{},"taskProperties":[{"@type":"taskProperty","name":"parameterFileDir","currentValue":"","type":"STRING","label":"label.parameterFileDir","required":false},{"@type":"taskProperty","name":"parameterFileName","currentValue":"","type":"STRING","label":"label.parameterFileName","required":false}],"parameters":[{"@type":"mtTaskParameter","id":115980281,"name":"$src_Customers$","type":"SOURCE","label":"src_Customers","uiProperties":{"connectionParameterized":"false","objectParameterized":"false","visible":"false"},"sourceConnectionId":"@5OPFTeiwacthTPS9EttNGo","sourceObject":"DUMMY_src_Customers","newFlatFile":false,"newObject":false,"showBusinessNames":false,"naturalOrder":true,"truncateTarget":false,"bulkApiDBTarget":false,"customFuncCfg":{"@type":"customFuncConfig","id":-1,"connections":[],"inputMap":[],"outputFields":[]},"tgtFieldRefs":{},"targetUpdateColumns":[],"runtimeAttrs":{},"isRESTModernSource":true,"customQuery":"SELECT PARTY_ID, NAME, ADDRESS, ADDRESS2, CITY, STATE, ZIPCODE, COUNTRY, PHONE, EMAIL, STATUS, TIER, GENDER, DOB, CC_TYPE, CC_NUM, CC_EXP_DT, EMAIL_PERSONAL\nFROM HERMES.CUSTOMER sample(5)","isFileList":false,"handleSpecialChars":false,"frsAsset":false,"dynamicFileName":false,"currentlyProcessedFileName":false,"tgtObjectAttributes":{},"runtimeParameterData":{"@type":"mtTaskRuntimeParameterData","isConnectionRuntimeParameter":false,"isObjectRuntimeParameter":false},"overriddenFields":[]},{"@type":"mtTaskParameter","id":115980282,"name":"$src_Orders$","type":"EXTENDED_SOURCE","label":"src_Orders","uiProperties":{"connectionParameterized":"false","isMsrcFilterParameterized":"false","isMsrcSortParameterized":"false","objectParameterized":"false","visible":"false"},"sourceConnectionId":"@5OPFTeiwacthTPS9EttNGo","newFlatFile":false,"newObject":false,"showBusinessNames":false,"naturalOrder":true,"truncateTarget":false,"bulkApiDBTarget":false,"customFuncCfg":{"@type":"customFuncConfig","id":-1,"connections":[],"inputMap":[],"outputFields":[]},"tgtFieldRefs":{},"targetUpdateColumns":[],"extendedObject":{"@type":"extendedObject","object":{"@type":"mObject","name":"ORDERS","label":"ORDERS","metadataUpdated":false,"relations":[],"children":[]},"filters":[],"sortFields":[]},"runtimeAttrs":{},"isRESTModernSource":true,"isFileList":false,"handleSpecialChars":false,"frsAsset":false,"dynamicFileName":false,"currentlyProcessedFileName":false,"tgtObjectAttributes":{},"runtimeParameterData":{"@type":"mtTaskRuntimeParameterData","isConnectionRuntimeParameter":false,"isObjectRuntimeParameter":false},"overriddenFields":[]},{"@type":"mtTaskParameter","id":115980283,"name":"$tgt_HermesCustomerOrder$","type":"TARGET","label":"tgt_HermesCustomerOrder","uiProperties":{"connectionParameterized":"false","objectParameterized":"false","visible":"false","defaultTargetUpdateColumns":""},"targetConnectionId":"@0jcCoULvo06iLXzd32aoST","targetObject":"Topics/HermesCustomerOrder","targetObjectLabel":"HermesCustomerOrder","newFlatFile":false,"newObject":false,"showBusinessNames":false,"naturalOrder":true,"truncateTarget":false,"bulkApiDBTarget":false,"operationType":"Insert","customFuncCfg":{"@type":"customFuncConfig","id":-1,"connections":[],"inputMap":[],"outputFields":[]},"tgtFieldRefs":{},"targetUpdateColumns":[],"extendedObject":{"@type":"extendedObject","filters":[],"sortFields":[]},"runtimeAttrs":{},"isRESTModernSource":true,"isFileList":false,"handleSpecialChars":false,"frsAsset":false,"dynamicFileName":false,"currentlyProcessedFileName":false,"tgtObjectAttributes":{},"dataFormat":{"@type":"dataFormat","formatId":"Json","schema":"{  \"PARTY_ID\": \"1\",\"NAME\" : \"NAME\",\"ADDRESS\" : \"ADDRESS\",\"CITY\" : \"CITY\",\"ZIPCODE\" : \"ZIPCODE\",\"COUNTRY\" : \"COUNTRY\", \"ADDRESS\" : \"ADDRESS\", \"ADDRESS2\" : \"ADDRESS2\",   \"order_id\": 123, \"freight\": 222 }","dataFormatAttributes":{}},"runtimeParameterData":{"@type":"mtTaskRuntimeParameterData","isConnectionRuntimeParameter":false,"isObjectRuntimeParameter":false},"overriddenFields":[]}],"sequences":[],"inOutParameters":[],"connRuntimeAttrs":[]}]