[{"@type":"mappingTemplate","id":"@1","name":"Mapping2","description":"","bundleVersion":"0","templateId":"@3","deployTime":1615904751000,"hasParameters":true,"valid":true,"fixedConnection":true,"hasParametersDeployed":true,"fixedConnectionDeployed":true,"tasks":0,"mappingPreviewFileRecordId":"@2","documentType":"MAPPING","references":[{"@type":"reference","refObjectId":"@3aS5Hz6wqdohrI8fvqufmN","refType":"connection"},{"@type":"reference","refObjectId":"@4X7tgjXMJQccl01CakEWkL","refType":"connection"}]}]