[{"@type":"mappingTemplate","id":"@1","name":"mp_kafka_alerts_sql_alerts","description":"","bundleVersion":"0","templateId":"@3","deployTime":1615845834000,"hasParameters":false,"valid":true,"fixedConnection":true,"hasParametersDeployed":false,"fixedConnectionDeployed":true,"tasks":1,"mappingPreviewFileRecordId":"@2","documentType":"MAPPING","references":[{"@type":"reference","refObjectId":"@0jcCoULvo06iLXzd32aoST","refType":"connection"},{"@type":"reference","refObjectId":"@iKDQdx6SgaOgbh6V2utRwa","refType":"connection"},{"@type":"reference","refObjectId":"@j7VkBBeE7YWidIkdOPkXgs","refType":"frsDocument"}]}]